Name,Score,Link,Notes,GameType,Tuning
GrBtAce,"3,689,387",https://youtu.be/DPLvQkOa2bU,Full Clear WR,Tetris.com,Untuned
Denver,"3,343,586",https://imgur.com/a/1OBzcJq,Untuned ST WR,Tetris.com,Untuned
RainZI,"3,257,856",https://youtu.be/BB3rIa8D5Ic,,Tetris.com,Untuned
Tiger Ros,"3,215,117",https://youtu.be/EN8dyKOXNis,In tournament qualifier,Tetris.com,Untuned
FrothyPizza,"3,107,960",https://imgur.com/a/xTwHiJO,,Tetris.com,Untuned
SevenEs,"3,048,679",https://imgur.com/a/pXcsdba,,Tetris.com,Untuned
Supershocky,"2,756,281",https://imgur.com/a/CPiv55m,,Tetris.com,Untuned
zactodd,"2,729,762",https://imgur.com/a/wplzzlR,,Tetris.com,Untuned
Jeme,"2,727,064",https://cdn.discordapp.com/attachments/880896939833561219/1127281864219041872/Screenshot_2023-07-08_at_19.54.55.png,,Tetris.com,Untuned
Peng,"2,716,014",https://imgur.com/a/b8hXsbW,,Tetris.com,Untuned
Sigs,"2,711,587",https://cdn.discordapp.com/attachments/880896939833561219/1090087644475686952/pb.png?ex=65e677bb&is=65d402bb&hm=c6573eab293540814860bff4dc1fcdb470740541ba108b2e5cb087ceec3b7ccc&,,Tetris.com,Untuned
Creative Name,"2,667,990",https://imgur.com/a/2Ie1AG9,,Tetris.com,Untuned
geometris217,"2,664,270",https://www.youtube.com/watch?v=2Zs8D7Xvxw4,Mobile World Record,Tetris.com,Untuned
Conman,"2,620,623",https://imgur.com/a/wsqxSGg,Mobile 2nd Place,Tetris.com,Untuned
TheDaved,"2,583,981",https://imgur.com/a/3TP9NJv,,Tetris.com,Untuned
geosyoh,"2,541,119",https://imgur.com/a/k11vda3,,Tetris.com,Untuned
evros chris,"2,449,069",https://imgur.com/a/zMcRiWZ,,Tetris.com,Untuned
funkynuts5000,"2,381,706",https://cdn.discordapp.com/attachments/880896939833561219/1203549815850410074/Tetris.jpg?ex=65e3f51c&is=65d1801c&hm=0cfacd136ae67877f331d0c0ca4d35faa6f1e32cae6688d1878a1404b4d3d09c&,,Tetris.com,Untuned
izzyfrbi,"2,351,591",https://imgur.com/a/BJbxyL4,,Tetris.com,Untuned
Capspeed,"2,305,181",https://imgur.com/a/pByiElk,,Tetris.com,Untuned
Nightmare,"2,225,781",https://imgur.com/a/d7uAFFk,,Tetris.com,Untuned
Fortissim2,"2,212,647",https://imgur.com/a/mifWXlJ,,,Untuned
Grim9898,"2,185,376",https://cdn.discordapp.com/attachments/968678939037945876/1031070787832127548/Screenshot_2022-10-16_010646.png,,Tetris.com,Untuned
Tyger2k,"2,176,997",https://www.youtube.com/watch?v=sEjA-hRrJrc,,Tetris.com,Untuned
ellpArM,"2,132,782",https://cdn.discordapp.com/attachments/1001807989583396894/1001808102242406480/unknown.png,,Tetris.com,Untuned
jshawty,"2,126,031",https://imgur.com/a/5IoVMWH,,Tetris.com,Untuned
Marcus,"2,121,971",https://cdn.discordapp.com/attachments/880896825253564459/1185332645438160936/20231214_223315.jpg?ex=658f3a0d&is=657cc50d&hm=06ff6ed6d489cf86a9c6342ce03b9ea52ace6ff017bb8f205918ab5bd32dedd7&,,Tetris.com,Untuned
macnmath,"2,093,329",https://imgur.com/a/JBHsveF,,Tetris.com,Untuned
Kelvin,"2,087,522",https://imgur.com/a/FjDSOZL,,Tetris.com,Untuned
Robbie,"2,082,598",https://cdn.discordapp.com/attachments/1029076587502649405/1050446391698272377/IMG_1526.png,,Tetris.com,Untuned
søki,"2,078,391",https://imgur.com/a/pqSNULc,,Tetris.com,Untuned
Cahase,"2,064,632",https://cdn.discordapp.com/attachments/880896939833561219/976583409482735736/Score.png,,Tetris.com,Untuned
wang10058,"2,057,065",https://imgur.com/a/p5J0NCp,,Tetris.com,Untuned
49083853,"2,022,686",https://youtu.be/eN_la2s6M8U,,Tetris.com,Untuned
Irish Wristwatch,"2,022,097",https://imgur.com/a/v06PHZi,,Tetris.com,Untuned
NKS,"2,010,585",https://cdn.discordapp.com/attachments/880896939833561219/1211134460607729754/image.png?ex=65ed17dd&is=65daa2dd&hm=77555399e01bd181938e48d9aa123b88b6004179ca29bf333390983d1a8c79f0&,,Tetris.com,Untuned
Fredu6,"1,937,792",https://youtu.be/wcJNCUaiip5 ,,Tetris.com,Untuned
arren,"1,883,749",https://cdn.discordapp.com/attachments/880896939833561219/1151411762378326077/image.png,,Tetris.com,Untuned
mariofan9,"1,858,997",https://cdn.discordapp.com/attachments/880896939833561219/1034670584556159036/unknown.png,,Tetris.com,Untuned
Kapttouzi/???,"1,846,031",https://youtu.be/lsAY3NwzE2A,,Tetris.com,Untuned
Okey__Dokey,"1,829,064",https://www.reddit.com/r/Tetris/comments/c9eo4h,,Tetris.com,Untuned
Adam M,"1,825,847",https://imgur.com/a/9Zt7t7A,,Tetris.com,Untuned
SundayLee,"1,825,119",https://imgur.com/a/ZktdmHJ,Mobile controls,Tetris.com,Untuned
Starline,"1,803,813",https://cdn.discordapp.com/attachments/880896825253564459/1028698863646822422/unknown.png,,Tetris.com,Untuned
Illudiot,"1,786,407",https://imgur.com/a/w21VHlB,,Tetris.com,Untuned
Shaheenbekk,"1,761,139",https://imgur.com/a/jXA5mLY,,Tetris.com,Untuned
famijoku,"1,757,108",https://imgur.com/a/fYaGJ3S,,Tetris.com,Untuned
Mokdad,"1,752,172",https://cdn.discordapp.com/attachments/880896939833561219/1092669545430405180/image.png,Don't know their username,Tetris.com,Untuned
xp2,"1,724,597",https://imgur.com/a/1O5e0ya,,Tetris.com,Untuned
SF,"1,696,502",https://www.reddit.com/r/Tetris/comments/g66288/nearly_17m_on_tetriscom/,,Tetris.com,Untuned
teeks,"1,679,115",https://cdn.discordapp.com/attachments/651692918062448663/1060871027611144192/image.png,,Tetris.com,Untuned
Mooing,"1,644,329",https://cdn.discordapp.com/attachments/880896939833561219/969100674946170900/Screenshot_2022-04-27_11.56.37_PM.png,,Tetris.com,Untuned
towtE,"1,618,067",https://cdn.discordapp.com/attachments/880896939833561219/1054693819595096144/image.png,,Tetris.com,Untuned
Qui-Gon Jim,"1,546,516",https://cdn.discordapp.com/attachments/880896939833561219/1107834029388083334/tetris_pb.png,,Tetris.com,Untuned
Kizooty,"1,539,959",https://imgur.com/gallery/kizooty-1539959-LBmsfSY,,Tetris.com,Untuned
TurtwigGrookey25,"1,536,778",https://cdn.discordapp.com/attachments/880896939833561219/1044948655972565012/Screenshot_2022-11-23_07.09.55.png,,Tetris.com,Untuned
GrBtAce,"3,978,742",https://www.youtube.com/watch?v=HfLb_GQkpoY,4 mil soon?,Tetris.com,Tuned
598,"3,417,774",https://imgur.com/a/rt2y4SC,Viewed live,Tetris.com,Tuned
TheDaved,"3,318,742",https://youtu.be/piNVqukDYDc,wow,Tetris.com,Tuned
DAGU3M3NG,"3,318,239",https://youtu.be/lKDePUKhVm0,Perfect ST through level 30!!,Tetris.com,Tuned
49083852,"3,241,657",https://imgur.com/a/JhNliSq,"3,050,116 recorded pb",Tetris.com,Tuned
Rated F for Fun,"3,195,715",https://youtu.be/c31woUOtrd0,tst wr!,Tetris.com,Tuned
Cahase,"3,146,126",https://imgur.com/a/NGGrU5s,Former Infinite tst modified wr!,Tetris.com,Tuned
Pentag,"3,104,378",https://imgur.com/a/xs1GQBy,,Tetris.com,Tuned
Ponix,"3,073,350",https://imgur.com/a/4B1Pc4I,Freestyle wr,Tetris.com,Tuned
Creative Name,"3,033,303",https://www.youtube.com/watch?v=YDBLpm1GCyo,first first 3m on the new website,Tetris.com,Tuned
-Error404-,"2,781,041",https://imgur.com/a/7PG7Ao6,lst wr,Tetris.com,Tuned
famijoku,"2,769,787",https://imgur.com/a/7EcwAW1,lst fwr,Tetris.com,Tuned
KonSola5,"2,614,026",https://imgur.com/a/mfuNcym,,Tetris.com,Tuned
Shaheenbekk,"2,600,120",https://imgur.com/a/J6BPOMw,400k jump,Tetris.com,Tuned
Illudiot,"2,564,360",https://imgur.com/a/ekxwDQH,,Tetris.com,Tuned
Tyranno5,"2,405,176",https://imgur.com/a/XPayPIU,,Tetris.com,Tuned
LeGlaude,"2,383,516",https://imgur.com/3lbzbsG,,Tetris.com,Tuned
teeks,"2,355,141",https://youtu.be/i0Pvofb-LLA,Freestyle,Tetris.com,Tuned
SundayLee,"2,337,578",https://www.bilibili.com/video/BV1Fw4m1k7r3/?share_source=copy_web&vd_source=525470a9e3eaa0daf64bafad40647df5,,Tetris.com,Tuned
Nilgiri,"2,313,888",https://youtu.be/9lFv_xnHPbY,,Tetris.com,Tuned
aPiano,"2,255,556",https://discord.com/channels/880896825253564456/880896939833561219/1261128763127763087,,Tetris.com,Tuned
søki,"2,232,994",https://imgur.com/a/YXetn3C,,Tetris.com,Tuned
bacchess,"2,215,711",https://imgur.com/a/jp2HgR9,,Tetris.com,Tuned
jmzillmer,"2,139,418",https://imgur.com/a/WHAlG2a,,Tetris.com,Tuned
Baron,"2,128,382",https://cdn.discordapp.com/attachments/880896825253564459/1196571964026933248/image.png?ex=65b81d7b&is=65a5a87b&hm=e51c420852ad25cff856e7ca169d23a603116ddc9a7210eac5ea3b59833cb0c9&,,Tetris.com,Tuned
Draedon,"2,120,320",https://imgur.com/a/O1flT0U,,Tetris.com,Tuned
mhimmel2100,"2,114,120",https://www.reddit.com/r/Tetris/comments/1iuahct/i_think_im_getting_pretty_close_to_the_highest/,possibly untuned,Tetris.com,Tuned
RunningOutRate/???????,"2,089,510",https://youtu.be/Pi4mIgFVBC0,,Tetris.com,Tuned
Tizago,"2,003,532",https://imgur.com/a/ju2Sbir,,Tetris.com,Tuned
Piano,"1,978,304",https://cdn.discordapp.com/attachments/880896939833561219/1188313038126854174/image.png?ex=659a11c2&is=65879cc2&hm=0b6ac482123f5e3e5b1fde29084a7036ae9d9b13c3216047e3ec6af6a2549a5d&,,Tetris.com,Tuned
Algebruh,"1,921,558",https://imgur.com/a/2QVuvNA,very fancy,Tetris.com,Tuned
TSTman,"1,917,556",https://cdn.discordapp.com/attachments/880896939833561219/925993334856626207/1917556.png,,Tetris.com,Tuned
Keiko,"1,854,450",https://pbs.twimg.com/media/F4GzIXyXoAA7Jbr.png,,Tetris.com,Tuned
Arm,"1,922,744",https://imgur.com/a/9pdQrI9,,Tetris.com,Tuned
u/0987user,"1,764,490",https://www.reddit.com/r/Tetris/comments/g68dl1/17_million_tetriscom_score/,,Tetris.com,Tuned
Hepta,"1,719,921",https://youtu.be/LsnZXr1NcXs,,Tetris.com,Tuned
Madkiwi,"1,650,604",https://imgur.com/a/yVOakCs,,Tetris.com,Tuned
Master101,"1,624,437",https://imgur.com/a/xs7wvni,,Tetris.com,Tuned
Zach Snider,"1,621,739",https://cdn.discordapp.com/attachments/880896939833561219/1088905590526443681/IMG_20230324_091340.jpg,,Tetris.com,Tuned
woeisme2,"1,619,384",https://discord.com/channels/880896825253564456/880896939833561219/1220942706591924224,,Tetris.com,Tuned
kizooty,"1,603,027",https://imgur.com/a/pabe1UD,,Tetris.com,Tuned
hebo-MAI,"1,582,284",https://youtu.be/0ZMHndzM8zY?t=1400,,Tetris.com,Tuned
TurtwigGrookey25,"1,574,532",https://cdn.discordapp.com/attachments/880896939833561219/977286516172800010/unknown.png,,Tetris.com,Tuned
rtxile,"1,502,633",https://imgur.com/a/7YHImtX,,Tetris.com,Tuned
swng,"1,501,712",https://imgur.com/a/ZkQk5E9,,Tetris.com,Tuned
Ponix,"1,807,427",https://imgur.com/a/56ArPyp,Tuned,MindBender,
598,"1,780,221",https://imgur.com/a/rl5DP1K,"Tuned, would have been temp wr if scored earlier in the day",MindBender,
Geometris217,"1,685,891",https://www.youtube.com/watch?v=eUnDrymcmPA,On mobile,MindBender,
GrBtAce,"1,655,988",https://youtu.be/F393U4X15GE,Tuned,MindBender,
teeks,"1,573,919",https://imgur.com/a/TYepgxw,Tuned,MindBender,
-Error404-,"1,389,043",https://imgur.com/a/91HVgqk,Tuned,MindBender,
Pentag,"1,344,044",https://cdn.discordapp.com/attachments/880896939833561219/1073455278181318696/mindbender.JPG,Tuned,MindBender,
Tiger Ros,"1,326,041",https://youtu.be/OZriuihUc-I,,MindBender,
Arm,"1,227,180",https://imgur.com/a/fPYlg24,Tuned,MindBender,
SundayLee,"1,239,479",https://imgur.com/a/5KHPn9R,Tuned,MindBender,
Illudiot,"1,235,870",https://imgur.com/a/8H0OzCD,Tuned,MindBender,
Denver,"1,217,478",https://imgur.com/a/HU5UXjY,,MindBender,
Creative Name,"1,191,582",https://imgur.com/a/XHTcNST,,MindBender,
aPiano,"1,191,168",https://cdn.discordapp.com/attachments/880896939833561219/1189692898086760559/image.png?ex=659f16da&is=658ca1da&hm=8ba22dd41795b524eca5707fcd922fd7a72a908beb6e15f36eef211a7dccf320&,Tuned,MindBender,
Peng,"1,188,037",https://imgur.com/a/GdOsMIb,Tuned,MindBender,
Algebruh,"1,122,855",https://imgur.com/a/M5hEYF4,Tuned,MindBender,
FumeNeko,"1,122,345",https://imgur.com/a/krjBYzJ,Tuned,MindBender,
Draedon,"1,113,424",https://imgur.com/a/nUs4KNd,Tuned,MindBender,
wang10057,"1,108,943",https://imgur.com/a/rYUe5vb,Untuned,MindBender,
zactodd,"1,057,853",https://cdn.discordapp.com/attachments/880896939833561219/961453980972613662/unknown.png,,MindBender,
søki,"1,001,568",https://imgur.com/a/xLP5H01,Tuned,MindBender,
snebr,"986,345",https://cdn.discordapp.com/attachments/953760923057791026/953850149602459708/unknown.png,,MindBender,
TheDaved,"949,709",https://imgur.com/a/bGMSzTo,Tuned,MindBender,
CapSpeed,"947,307",https://imgur.com/a/19nvYux,Untuned,MindBender,
xp2,"932,085",https://imgur.com/a/BKE7H0O,prob untuned,MindBender,
Fredu5,"877,219",https://cdn.discordapp.com/attachments/953760923057791026/956198696754765884/unknown.png,,MindBender,
Shaheenbekk,"873,807",https://imgur.com/a/c6QEUZF,,MindBender,
LeGlaude,"870,554",https://imgur.com/a/TPfWMdK,,MindBender,
TurtwigGrookey25,"865,648",https://cdn.discordapp.com/attachments/880896939833561219/1038764520157491231/image.png,,MindBender,
Cheez,"861,695",https://imgur.com/a/fBvDwcM,Tuned,MindBender,
Mooing,"816,393",https://cdn.discordapp.com/attachments/880896939833561219/957099921985663036/Screenshot_2022-03-25_9.12.10_PM.png,,MindBender,
willycel123,"813,205",https://cdn.discordapp.com/attachments/266046343229865985/882822172777783296/unknown.png,,MindBender,
Cashew,"766,479",https://discord.com/channels/880896825253564456/880896939833561219/1251101199344603237,Tuned,MindBender,
Rankail,"722,348",https://cdn.discordapp.com/attachments/880896939833561219/1189928432084197416/image.png?ex=659ff236&is=658d7d36&hm=1966929fb249b6c0726d59b6585e6288460a77dea8818733448bd3ba5063ac76&,,MindBender,
LukasDrakon,"671,333",https://cdn.discordapp.com/attachments/880896939833561219/1099118316276166726/image.png,,MindBender,
Gold,"669,989",https://cdn.discordapp.com/attachments/953760923057791026/953770282798182420/IMG_7160.jpg,Tuned,MindBender,
Dihydrogen,"665,481",https://cdn.discordapp.com/attachments/880896939833561219/963206864789704735/chrome_lRNKMTP1tz.png,,MindBender,
CoolOblivion759,"662,903",https://imgur.com/a/Iz88f8s,,MindBender,
Hazelnutmilk,"612,225",https://imgur.com/a/2TlFgCY,,MindBender,
YanFCS,"556,886",https://www.reddit.com/r/Tetris/comments/tane1x/my_friends_and_i_are_doing_a_tetris_mind_bender,,MindBender,
3000yosef,"555,909",https://youtu.be/F0yMHmKKeF0,Tuned,MindBender,
Canadian Bagel,"548,763",https://cdn.discordapp.com/attachments/953760923057791026/953761495848743032/unknown.png,,MindBender,
Yimbyx,"546,805",https://cdn.discordapp.com/attachments/880896939833561219/962248912142499880/20220409_171147.jpg,,MindBender,
Randyx210,"544,180",https://cdn.discordapp.com/attachments/880896939833561219/1190863858978521098/20231230_224717.jpg?ex=65a35965&is=6590e465&hm=a0448272d4939a0feeedcd9a1fd62aaab89cd0677d229d264a80df7739e3b4b5&,,MindBender,
Hepta,"529,683",https://www.youtube.com/live/lx-D_PSLzCk,,MindBender,
Translate Conversation,"528,910",https://youtu.be/Ckk0depgcFY,,MindBender,
Lantern108,"526,357",https://imgur.com/a/kCmmGsg,,MindBender,
Tyranno5,"511,484",https://imgur.com/a/iGqXdX2,,MindBender,
subway,"501,856",https://discord.com/channels/880896825253564456/880896939833561219/1105003601312620575,,MindBender,
598,"249,279",https://youtu.be/OcATAoE7D3c,,E60,
teeks,"237,967",https://youtu.be/Wh93zowA3x4,,E60,
wang10057,"215,396",https://imgur.com/a/AjVL1C3,,E60,
GrBtAce,"212,418",https://youtu.be/jIkUl2tiMyA,,E60,
Algebruh,"207,713",https://imgur.com/a/iLIpLWJ,,E60,
Geometris217,"205,011",https://www.youtube.com/watch?v=QhqhkBrvPgI,,E60,
Ponix,"197,991",https://imgur.com/a/AsZwpmQ,,E60,
Tiger Ros,"174,676",https://cdn.discordapp.com/attachments/882762985788035153/1186907974652919834/image.png?ex=659e2fb0&is=658bbab0&hm=f3b90a91cc01dd3cb375185ce8f8774274cb12c6b32103da63c461e11907c12c&,,E60,
Hepta,"167,589",https://youtu.be/1-AK-v3hHug,,E60,
CoolOblivion759,"161,575",https://imgur.com/a/HPHVFZm,,E60,
Demoniction,"161,543",https://imgur.com/a/nDNt7E1,,E60,
Denver,"158,253",https://imgur.com/a/tx4hPxn,,E60,
Fortissim2,"157,643",https://imgur.com/a/JxQCuMQ,,E60,
Arm,"150,809",https://imgur.com/a/lYfadvw,,E60,
Tizago,"150,268",https://imgur.com/a/MhR6E8M,,E60,
Cheez,"148,595",https://imgur.com/a/DXUvd0v,,E60,
-Error404-,"141,619",https://imgur.com/a/0EKFLan,,E60,
Cahase,"141,097",https://imgur.com/a/itIe9sI,,E60,
Creative Name,"139,228",https://imgur.com/a/LJS5KA5,,E60,
Rankail,"131,656",https://cdn.discordapp.com/attachments/880896939833561219/1171459568350531705/image.png?ex=655cc1bd&is=654a4cbd&hm=7fc6f6f07b42f1f3da0cb92e78d940301158643d23d6293405e23b4d9436efc0&,,E60,
LeGlaude,"128,171",https://imgur.com/a/BPvGHIl,,E60,
Shaheenbekk,"143,952",https://imgur.com/a/f7JWgDE,,E60,
LukasDrakon,"116,921",https://cdn.discordapp.com/attachments/1096170965018361986/1096179088554725376/image.png?ex=65ea2bd4&is=65d7b6d4&hm=72b036f8ed16908d10d1fdd0e486df4b821eb193f7ce594b23f4542686f32c0f&,,E60,
soki,"110,917",https://imgur.com/gallery/e60-110k-by-soki-tuned-4COMY8k,,E60,
Cashew,"109,292",https://discord.com/channels/880896825253564456/880896939833561219/1251056248120545381,,E60,
Baron,"107,649",https://cdn.discordapp.com/attachments/880896939833561219/1092174401669177365/Screenshot_2023-04-02_at_12.50.48_PM.png?ex=65b6b02c&is=65a43b2c&hm=ad0c4f42cd50df13cffb9ccf6a3afbe14a856ec8d80546a11c67aaf71c2ddb2a&,,E60,
Hepta,"2,083,378",https://youtu.be/6dxmjYkpotA,"30+13, Perfect Game!!!",NBlox,
598,"1,902,046",https://www.youtube.com/watch?v=R3dUfhPmXSs,30+13,NBlox,
GrBtAce,"1,879,663",https://www.youtube.com/watch?v=bgt8T1uCT_c,30+13,NBlox,
Algebruh,"1,871,592",https://youtu.be/FF_L7wqaeKo,30+12,NBlox,
wang10057,"1,797,674",https://discord.com/channels/880896825253564456/880896939833561219/1254796674589659147,30+13,NBlox,
Ponix,"1,755,729",https://imgur.com/a/jtuFWTQ,,NBlox,
Cheez,"1,650,546",https://imgur.com/a/efEeLgI,,NBlox,
Geometris217,"1,610,013",https://imgur.com/a/kmMYtgX,30+13,NBlox,
Shaheenbekk,"1,552,420",https://imgur.com/a/i5HkEPf,,NBlox,
teeks,"1,475,370",https://cdn.discordapp.com/attachments/1285389528915513396/1318704848203419818/image0.jpg?ex=67673f98&is=6765ee18&hm=38d5c3c865f432e74a8ee0fd23c5e38eac65fb0535c43c6a8971bc98daf121e8&,30+13,NBlox,
Hazelnutmilk,"1,411,837",https://imgur.com/a/JRkJHJb,30+13,NBlox,
-Error404-,"1,343,045",https://www.youtube.com/watch?v=aFsIa-3Il4Q&ab_channel=-Error404-,,NBlox,
Peng,"1,243,422",https://imgur.com/a/xN8QzDB,,NBlox,
Denver,"1,161,043",https://imgur.com/a/5uYgiqt,,NBlox,
Arm,"1,180,648",https://imgur.com/a/qBg7W6N,,NBlox,
Creative Name,"1,089,927",https://imgur.com/a/YTVPINw,,NBlox,
